player_id,team_id,player_name,position,club_team,market_value_eur,caps
1,1,Mateo Smith,GK,Liverpool,20531713,27
2,1,Mateo Park,GK,Real Madrid,8027758,42
3,1,Lucas Santos,GK,Los Angeles FC,10811243,59
4,1,Carlos Park,DEF,AC Milan,14380498,45
5,1,Daniel Silva,DEF,Liverpool,19702503,35
6,1,Carlos Horvat,DEF,Benfica,8319463,39
7,1,Ali Schmidt,DEF,Los Angeles FC,21784336,70
8,1,Mateo Ibrahim,DEF,Kaizer Chiefs,7872299,31
9,1,Ali Onyango,DEF,Juventus,10040079,11
10,1,James Garcia,DEF,Porto,22704818,82
11,1,Andrej Sato,DEF,Benfica,18509530,37
12,1,Ali Santos,MID,Manchester City,19168349,68
13,1,Oliver Silva,MID,Boca Juniors,16569894,27
14,1,Hassan Schmidt,MID,Los Angeles FC,25268325,62
15,1,Thomas Horvat,MID,Juventus,22466705,74
16,1,David Horvat,MID,Club América,14029892,10
17,1,Mohammed Santos,MID,Boca Juniors,18886862,40
18,1,Alex Schmidt,MID,Los Angeles FC,9034235,72
19,1,Andrej Onyango,MID,Benfica,14550767,57
20,1,Thomas Rodriguez,MID,Barcelona,16099741,13
21,1,Mateo Rodriguez,FWD,Galatasaray,18352166,76
22,1,Oliver Garcia,FWD,Boca Juniors,13716679,58
23,1,Diego Schmidt,FWD,Real Madrid,24916001,82
24,1,Mateo Park,FWD,Ajax,20709877,74
25,1,Mateo Kovacic,FWD,AC Milan,14671706,45
26,1,Diego Silva,FWD,Inter Milan,16064507,14
27,2,Diego Santos,GK,Los Angeles FC,2695469,73
28,2,Diego Smith,GK,Arsenal,5168794,48
29,2,Ali Kovacic,GK,Club América,3175674,26
30,2,Lucas Garcia,DEF,Los Angeles FC,5905976,78
31,2,Alex Rodriguez,DEF,Bayern Munich,5505920,90
32,2,Andrej Lee,DEF,Paris Saint-Germain,6685087,43
33,2,Marcus Santos,DEF,Benfica,5800865,40
34,2,Luis Lee,DEF,Manchester City,4351246,27
35,2,Mohammed Smith,DEF,Juventus,5109826,25
36,2,Daniel Garcia,DEF,Manchester City,5772545,10
37,2,David Horvat,DEF,Flamengo,2240939,26
38,2,Carlos Park,MID,Club América,2581659,89
39,2,Samuel Kim,MID,Galatasaray,3195328,47
40,2,Carlos Martinez,MID,Galatasaray,2385498,43
41,2,Youssef Sato,MID,Arsenal,6637426,9
42,2,David Ibrahim,MID,Arsenal,5885496,77
43,2,Thomas Santos,MID,Galatasaray,2902656,45
44,2,John Schmidt,MID,Manchester City,4413020,83
45,2,Luis Park,MID,Los Angeles FC,2390919,63
46,2,Daniel Garcia,MID,Bayern Munich,6984111,81
47,2,Youssef Kim,FWD,Barcelona,4516866,82
48,2,John Ibrahim,FWD,Boca Juniors,1860037,40
49,2,James Nakamura,FWD,Los Angeles FC,5710175,70
50,2,Juan Rodriguez,FWD,Barcelona,2900931,24
51,2,Samuel Park,FWD,Barcelona,2186052,33
52,2,Samuel Kim,FWD,Bayern Munich,4636023,81
53,3,David Lee,GK,Kaizer Chiefs,5378123,21
54,3,Lucas Müller,GK,Club América,9588371,89
55,3,Thomas Onyango,GK,Galatasaray,12069579,60
56,3,Samuel Onyango,DEF,Paris Saint-Germain,11136426,89
57,3,Mohammed Müller,DEF,Inter Milan,7791161,16
58,3,Luis Horvat,DEF,Real Madrid,16420771,89
59,3,Luis Onyango,DEF,Paris Saint-Germain,17293329,11
60,3,Diego Schmidt,DEF,Manchester City,6059032,36
61,3,Thomas Abdel,DEF,Los Angeles FC,8043165,44
62,3,James Lee,DEF,Inter Milan,4437790,78
63,3,Mateo Rodriguez,DEF,Los Angeles FC,7776220,85
64,3,Alex Schmidt,MID,Ajax,8001135,23
65,3,Carlos Schmidt,MID,Barcelona,10910428,27
66,3,Lucas Nakamura,MID,Ajax,15124253,8
67,3,Alex Schmidt,MID,Galatasaray,6437898,44
68,3,Marcus Smith,MID,Liverpool,5791291,90
69,3,Marcus Jones,MID,Liverpool,15192505,57
70,3,Youssef Rodriguez,MID,Barcelona,4880139,37
71,3,Ali Santos,MID,Benfica,13208405,65
72,3,Marcus Nakamura,MID,Juventus,17003777,72
73,3,John Silva,FWD,Ajax,15801559,7
74,3,Youssef Müller,FWD,Arsenal,7806656,75
75,3,Hassan Jones,FWD,Boca Juniors,15504676,25
76,3,Ali Kovacic,FWD,Juventus,15009630,83
77,3,Daniel Santos,FWD,Manchester City,9519304,30
78,3,Andrej Abdel,FWD,Los Angeles FC,12680472,40
79,4,Mohammed Smith,GK,Bayern Munich,3511182,92
80,4,Samuel Schmidt,GK,Benfica,2907944,58
81,4,Mohammed Nakamura,GK,Porto,7352546,51
82,4,Samuel Santos,DEF,Real Madrid,4601930,68
83,4,Diego Park,DEF,Paris Saint-Germain,7983673,89
84,4,Ali Nakamura,DEF,Ajax,3156148,64
85,4,Oliver Horvat,DEF,Inter Milan,7800007,16
86,4,Diego Kovacic,DEF,Inter Milan,7827439,34
87,4,Marcus Rodriguez,DEF,Porto,4109833,64
88,4,John Onyango,DEF,Real Madrid,4963690,54
89,4,James Kovacic,DEF,Kaizer Chiefs,4253376,75
90,4,Mohammed Sato,MID,Al Hilal,6065827,65
91,4,Juan Silva,MID,Kaizer Chiefs,7764504,30
92,4,Mohammed Garcia,MID,Inter Milan,9013267,72
93,4,Thomas Santos,MID,Flamengo,3761699,9
94,4,Oliver Garcia,MID,Club América,6172492,84
95,4,Carlos Ibrahim,MID,Real Madrid,6477388,26
96,4,Mateo Nakamura,MID,Al Hilal,4321134,77
97,4,Luis Jones,MID,Arsenal,6970629,87
98,4,Luis Rodriguez,MID,Los Angeles FC,8880177,65
99,4,Oliver Horvat,FWD,Kaizer Chiefs,10043252,85
100,4,Diego Nakamura,FWD,Bayern Munich,9108315,54
101,4,Juan Sato,FWD,AC Milan,4636903,27
102,4,Diego Kim,FWD,Manchester City,7513282,29
103,4,James Müller,FWD,Los Angeles FC,4734908,33
104,4,Lucas Rodriguez,FWD,Liverpool,3788907,39
105,5,Carlos Garcia,GK,Boca Juniors,6895313,34
106,5,Youssef Jones,GK,Club América,4978107,42
107,5,Daniel Onyango,GK,Benfica,6577487,5
108,5,James Ibrahim,DEF,Galatasaray,10937203,90
109,5,Marcus Park,DEF,Flamengo,10443420,85
110,5,Thomas Schmidt,DEF,Ajax,7088552,7
111,5,Hassan Silva,DEF,Kaizer Chiefs,10817929,87
112,5,Marcus Smith,DEF,Real Madrid,11430076,58
113,5,Lucas Nakamura,DEF,Barcelona,4322538,46
114,5,Andrej Ibrahim,DEF,Ajax,6088786,45
115,5,Hassan Schmidt,DEF,AC Milan,10002364,79
116,5,Lucas Kim,MID,Benfica,3250585,53
117,5,Thomas Garcia,MID,Real Madrid,10271681,63
118,5,Thomas Santos,MID,Juventus,10806162,60
119,5,Alex Kim,MID,Paris Saint-Germain,9241587,55
120,5,Luis Schmidt,MID,Kaizer Chiefs,10139573,20
121,5,Mateo Silva,MID,Real Madrid,11962678,14
122,5,James Onyango,MID,Porto,9314285,91
123,5,Carlos Garcia,MID,Juventus,8528639,79
124,5,Mateo Kovacic,MID,Arsenal,10908130,59
125,5,Samuel Jones,FWD,Benfica,6271731,43
126,5,Lucas Lee,FWD,Galatasaray,9039616,6
127,5,Juan Martinez,FWD,Boca Juniors,7067240,37
128,5,Alex Nakamura,FWD,AC Milan,4695204,51
129,5,Oliver Park,FWD,Club América,10210934,46
130,5,Andrej Horvat,FWD,Manchester City,10921216,79
131,6,Andrej Sato,GK,Kaizer Chiefs,3029307,46
132,6,Hassan Horvat,GK,Bayern Munich,1900063,81
133,6,Juan Santos,GK,AC Milan,3611668,28
134,6,Oliver Schmidt,DEF,Paris Saint-Germain,4666400,51
135,6,Lucas Müller,DEF,Juventus,5528612,48
136,6,Juan Kim,DEF,Inter Milan,4101595,6
137,6,Thomas Ibrahim,DEF,Club América,5380150,32
138,6,Ali Kim,DEF,Los Angeles FC,4654234,35
139,6,Mohammed Abdel,DEF,AC Milan,5438237,29
140,6,Thomas Martinez,DEF,Los Angeles FC,5534960,33
141,6,John Santos,DEF,Club América,2885090,48
142,6,Diego Kovacic,MID,Inter Milan,6895460,79
143,6,Thomas Abdel,MID,Los Angeles FC,2691201,6
144,6,Alex Schmidt,MID,Inter Milan,1988317,9
145,6,Alex Kim,MID,Inter Milan,2287848,6
146,6,Juan Kim,MID,Barcelona,4061153,21
147,6,Andrej Kim,MID,Flamengo,2348201,10
148,6,Lucas Onyango,MID,Liverpool,5052963,9
149,6,Samuel Kovacic,MID,Los Angeles FC,2196492,27
150,6,Youssef Müller,MID,Boca Juniors,5820517,39
151,6,James Onyango,FWD,Kaizer Chiefs,6945428,32
152,6,David Martinez,FWD,Paris Saint-Germain,6722684,23
153,6,Andrej Garcia,FWD,Manchester City,2573721,20
154,6,John Smith,FWD,Flamengo,3893463,67
155,6,James Jones,FWD,Boca Juniors,2964295,68
156,6,Lucas Müller,FWD,Club América,6598408,75
157,7,Carlos Nakamura,GK,Liverpool,2634492,25
158,7,Andrej Rodriguez,GK,Inter Milan,2379535,19
159,7,Oliver Onyango,GK,Boca Juniors,7375513,44
160,7,James Ibrahim,DEF,Flamengo,7501818,50
161,7,Luis Garcia,DEF,Ajax,5475639,85
162,7,Oliver Schmidt,DEF,Club América,2111770,25
163,7,Samuel Smith,DEF,AC Milan,7836318,65
164,7,Samuel Jones,DEF,Al Hilal,6446120,20
165,7,Luis Schmidt,DEF,Flamengo,3026705,57
166,7,Lucas Kim,DEF,Arsenal,4005414,34
167,7,John Horvat,DEF,Porto,4379820,49
168,7,Marcus Jones,MID,Ajax,4633685,33
169,7,Mateo Ibrahim,MID,Real Madrid,7044624,79
170,7,Marcus Sato,MID,Benfica,4389241,21
171,7,Oliver Kim,MID,Paris Saint-Germain,5636563,73
172,7,Andrej Park,MID,Flamengo,2729951,30
173,7,Mateo Smith,MID,Juventus,7680958,59
174,7,John Kovacic,MID,Manchester City,5198158,54
175,7,Thomas Martinez,MID,Liverpool,4672617,15
176,7,Juan Kovacic,MID,Flamengo,4951429,29
177,7,Juan Müller,FWD,Paris Saint-Germain,4645212,18
178,7,Oliver Lee,FWD,Manchester City,6347254,17
179,7,Andrej Nakamura,FWD,AC Milan,3957876,75
180,7,Daniel Kovacic,FWD,Club América,6228251,80
181,7,Juan Rodriguez,FWD,Ajax,4585015,48
182,7,Marcus Park,FWD,Paris Saint-Germain,4177372,88
183,8,Thomas Onyango,GK,Galatasaray,10554299,82
184,8,David Horvat,GK,Porto,15884231,68
185,8,Hassan Rodriguez,GK,Al Hilal,12209822,8
186,8,Samuel Horvat,DEF,Boca Juniors,17725957,83
187,8,Mateo Lee,DEF,Liverpool,18326256,6
188,8,Youssef Rodriguez,DEF,AC Milan,6014008,75
189,8,Mohammed Ibrahim,DEF,Los Angeles FC,14486402,81
190,8,Hassan Horvat,DEF,Flamengo,14146959,84
191,8,Marcus Jones,DEF,Inter Milan,14009344,26
192,8,Thomas Garcia,DEF,Arsenal,11305762,13
193,8,Luis Silva,DEF,Barcelona,15137139,86
194,8,Mohammed Jones,MID,Liverpool,9234053,38
195,8,Thomas Lee,MID,Bayern Munich,10982788,66
196,8,John Silva,MID,Kaizer Chiefs,6075010,83
197,8,Thomas Kim,MID,Boca Juniors,18361432,17
198,8,Andrej Sato,MID,Boca Juniors,8673542,5
199,8,James Park,MID,Benfica,7239134,44
200,8,Samuel Kovacic,MID,AC Milan,14325827,43
201,8,Luis Kovacic,MID,Flamengo,7846800,39
202,8,Mateo Müller,MID,Inter Milan,10530628,37
203,8,James Smith,FWD,AC Milan,19320868,64
204,8,Daniel Onyango,FWD,Barcelona,17657694,75
205,8,Oliver Kim,FWD,Juventus,17182827,86
206,8,Oliver Abdel,FWD,AC Milan,8138357,22
207,8,Alex Martinez,FWD,Inter Milan,18222556,63
208,8,Luis Jones,FWD,Manchester City,13451122,70
209,9,Vinícius Júnior,FWD,Real Madrid,150000000,28
210,9,Rodrygo,FWD,Real Madrid,100000000,24
211,9,Bruno Guimarães,MID,Newcastle United,85000000,22
212,9,Marquinhos,DEF,Paris Saint-Germain,55000000,84
213,9,Alisson Becker,GK,Liverpool,28000000,65
214,9,James Horvat,DEF,Liverpool,42422374,20
215,9,Marcus Abdel,DEF,Bayern Munich,33919622,87
216,9,Andrej Kim,DEF,Ajax,51053660,31
217,9,Mateo Sato,DEF,Juventus,50877395,17
218,9,Hassan Park,DEF,Real Madrid,27440273,76
219,9,Andrej Park,DEF,AC Milan,17934367,38
220,9,Samuel Ibrahim,DEF,Arsenal,45363658,89
221,9,Thomas Kim,DEF,Los Angeles FC,14065689,84
222,9,Mohammed Müller,DEF,Boca Juniors,38504067,62
223,9,James Nakamura,DEF,Barcelona,17663037,9
224,9,James Kim,DEF,Los Angeles FC,17641235,26
225,9,Alex Ibrahim,MID,Los Angeles FC,30889154,65
226,9,Youssef Onyango,MID,Galatasaray,42217807,18
227,9,Mateo Kim,MID,AC Milan,37248049,89
228,9,David Abdel,MID,Juventus,21611380,45
229,9,Ali Martinez,MID,Benfica,51585253,38
230,9,David Ibrahim,MID,Boca Juniors,23911915,92
231,9,Lucas Santos,MID,Real Madrid,38270610,58
232,9,David Horvat,MID,Club América,22643635,16
233,9,Carlos Garcia,MID,Club América,45654132,54
234,9,Carlos Müller,FWD,Kaizer Chiefs,25979551,18
235,10,Daniel Schmidt,GK,Liverpool,41031791,18
236,10,Marcus Schmidt,GK,Real Madrid,38969689,14
237,10,Alex Smith,GK,Club América,23811065,75
238,10,Mohammed Smith,DEF,Galatasaray,17476049,9
239,10,Diego Martinez,DEF,Benfica,37150105,47
240,10,Diego Onyango,DEF,Kaizer Chiefs,15231471,50
241,10,David Lee,DEF,Real Madrid,21861906,62
242,10,David Kim,DEF,Arsenal,40649355,43
243,10,Juan Sato,DEF,Kaizer Chiefs,14007021,12
244,10,Alex Garcia,DEF,Club América,15821520,61
245,10,Marcus Horvat,DEF,Inter Milan,24591326,58
246,10,Luis Lee,MID,Arsenal,32321670,13
247,10,Marcus Santos,MID,Galatasaray,26284104,84
248,10,Mohammed Sato,MID,Ajax,25205071,70
249,10,Youssef Horvat,MID,Liverpool,34376499,38
250,10,Juan Garcia,MID,Galatasaray,14617608,12
251,10,Mateo Abdel,MID,Club América,39426077,55
252,10,Marcus Park,MID,Benfica,22826490,16
253,10,Youssef Jones,MID,Benfica,44818852,59
254,10,Mateo Onyango,MID,Flamengo,28947023,18
255,10,Thomas Martinez,FWD,Arsenal,23531207,55
256,10,Andrej Onyango,FWD,Los Angeles FC,19263419,43
257,10,Oliver Park,FWD,AC Milan,12380647,88
258,10,Daniel Silva,FWD,Ajax,20885469,73
259,10,Ali Smith,FWD,Porto,17722547,17
260,10,Lucas Rodriguez,FWD,Manchester City,36988413,92
261,11,Diego Santos,GK,Bayern Munich,2985557,45
262,11,Ali Kovacic,GK,Club América,4438941,74
263,11,Oliver Garcia,GK,Kaizer Chiefs,5119538,19
264,11,David Garcia,DEF,Flamengo,2547560,64
265,11,Oliver Sato,DEF,Al Hilal,3145409,24
266,11,Mateo Abdel,DEF,Club América,3211597,30
267,11,Juan Lee,DEF,Porto,4209769,9
268,11,Oliver Jones,DEF,Paris Saint-Germain,1434948,32
269,11,Alex Schmidt,DEF,Flamengo,2620541,15
270,11,Youssef Silva,DEF,Juventus,1946192,52
271,11,Diego Park,DEF,Manchester City,4909199,77
272,11,Hassan Jones,MID,Manchester City,3238132,46
273,11,Mohammed Onyango,MID,Galatasaray,3208949,41
274,11,James Martinez,MID,Bayern Munich,3106902,91
275,11,Oliver Sato,MID,Manchester City,4903609,87
276,11,Youssef Martinez,MID,Al Hilal,2426432,57
277,11,Lucas Ibrahim,MID,Juventus,5065604,72
278,11,Mohammed Silva,MID,Al Hilal,1723993,61
279,11,Diego Santos,MID,Liverpool,5214553,36
280,11,Thomas Martinez,MID,Kaizer Chiefs,2018812,22
281,11,Alex Garcia,FWD,Flamengo,2148000,74
282,11,Luis Onyango,FWD,Club América,4600021,45
283,11,Oliver Horvat,FWD,Liverpool,5039189,61
284,11,Luis Garcia,FWD,AC Milan,3375733,61
285,11,Samuel Jones,FWD,Boca Juniors,2883509,11
286,11,Luis Jones,FWD,Manchester City,1641985,79
287,12,Lucas Lee,GK,Barcelona,5739586,57
288,12,Luis Onyango,GK,Flamengo,7877330,33
289,12,Diego Rodriguez,GK,Ajax,10323156,45
290,12,Lucas Lee,DEF,Boca Juniors,7831671,8
291,12,Luis Lee,DEF,Benfica,6845144,19
292,12,James Ibrahim,DEF,Kaizer Chiefs,5933781,35
293,12,David Horvat,DEF,Porto,3192326,13
294,12,James Schmidt,DEF,Kaizer Chiefs,8452205,64
295,12,Alex Horvat,DEF,Benfica,3316983,64
296,12,James Ibrahim,DEF,Manchester City,3696386,68
297,12,James Park,DEF,Liverpool,5677192,76
298,12,Diego Garcia,MID,Benfica,7830853,43
299,12,Daniel Abdel,MID,Ajax,5134964,90
300,12,Juan Santos,MID,Manchester City,4476717,17
301,12,James Martinez,MID,Al Hilal,6724739,53
302,12,David Horvat,MID,Kaizer Chiefs,9672853,60
303,12,Hassan Rodriguez,MID,Kaizer Chiefs,3962614,79
304,12,John Sato,MID,Juventus,3014661,37
305,12,Luis Kovacic,MID,Juventus,8681348,75
306,12,Marcus Müller,MID,Flamengo,5139776,77
307,12,Carlos Abdel,FWD,Boca Juniors,8088977,56
308,12,Luis Kovacic,FWD,Galatasaray,8887105,50
309,12,John Santos,FWD,AC Milan,9072092,17
310,12,David Kim,FWD,Arsenal,9654656,54
311,12,Diego Martinez,FWD,AC Milan,4944637,73
312,12,Luis Lee,FWD,Juventus,3843486,44
313,13,Christian Pulisic,FWD,AC Milan,35000000,68
314,13,Weston McKennie,MID,Juventus,25000000,53
315,13,Folarin Balogun,FWD,Monaco,30000000,12
316,13,Antonee Robinson,DEF,Fulham,20000000,41
317,13,Matt Turner,GK,Crystal Palace,7000000,40
318,13,Luis Abdel,DEF,Porto,20467795,42
319,13,Diego Abdel,DEF,Benfica,9216970,94
320,13,Thomas Smith,DEF,Ajax,10559677,13
321,13,Alex Rodriguez,DEF,Flamengo,6018791,87
322,13,Alex Kim,DEF,Manchester City,12663724,5
323,13,Daniel Schmidt,DEF,Kaizer Chiefs,8891065,18
324,13,Diego Nakamura,DEF,Inter Milan,7199169,30
325,13,Mateo Jones,DEF,Kaizer Chiefs,9260073,62
326,13,Luis Garcia,DEF,Kaizer Chiefs,7193842,86
327,13,Marcus Smith,DEF,Liverpool,15633202,56
328,13,James Nakamura,DEF,Club América,5423792,36
329,13,Youssef Silva,MID,Benfica,16158197,12
330,13,Lucas Lee,MID,Al Hilal,14210066,75
331,13,Marcus Smith,MID,Porto,11722000,47
332,13,Ali Schmidt,MID,Manchester City,17501527,37
333,13,Ali Müller,MID,Club América,17268709,61
334,13,Mohammed Rodriguez,MID,Bayern Munich,6116490,54
335,13,Luis Kim,MID,Manchester City,15629654,78
336,13,Luis Jones,MID,Paris Saint-Germain,10150868,8
337,13,David Horvat,MID,Los Angeles FC,20514747,51
338,13,Juan Schmidt,FWD,Inter Milan,5991544,63
339,14,Ali Jones,GK,Arsenal,7271175,34
340,14,Ali Nakamura,GK,Porto,7414813,71
341,14,Mohammed Silva,GK,Al Hilal,5030061,49
342,14,Andrej Garcia,DEF,Kaizer Chiefs,6430037,12
343,14,John Park,DEF,Ajax,3802545,14
344,14,James Kovacic,DEF,Bayern Munich,4725133,69
345,14,Luis Abdel,DEF,Benfica,4732494,70
346,14,Oliver Nakamura,DEF,Barcelona,3686055,93
347,14,Lucas Ibrahim,DEF,Bayern Munich,4224243,77
348,14,Daniel Rodriguez,DEF,Boca Juniors,7167310,66
349,14,David Rodriguez,DEF,Benfica,2428916,75
350,14,Ali Ibrahim,MID,Liverpool,7778518,7
351,14,Luis Abdel,MID,Club América,4277011,73
352,14,Alex Lee,MID,AC Milan,4246308,33
353,14,Thomas Martinez,MID,Al Hilal,2178364,21
354,14,Hassan Park,MID,Boca Juniors,2735301,74
355,14,Carlos Kovacic,MID,Paris Saint-Germain,6229324,94
356,14,Mateo Rodriguez,MID,Boca Juniors,7192517,45
357,14,Lucas Horvat,MID,Los Angeles FC,6070814,68
358,14,Marcus Kovacic,MID,Bayern Munich,7426002,81
359,14,Ali Lee,FWD,Liverpool,3380967,93
360,14,Thomas Kim,FWD,Benfica,2180612,54
361,14,Luis Park,FWD,Manchester City,2808127,84
362,14,James Ibrahim,FWD,Al Hilal,8082478,69
363,14,Youssef Nakamura,FWD,Ajax,7013717,11
364,14,Lucas Sato,FWD,Liverpool,4845906,51
365,15,Marcus Onyango,GK,Galatasaray,5632101,91
366,15,Diego Jones,GK,Inter Milan,12730233,51
367,15,John Silva,GK,Benfica,7169901,68
368,15,Diego Kovacic,DEF,Los Angeles FC,12889184,27
369,15,Andrej Rodriguez,DEF,Manchester City,10474661,60
370,15,Diego Silva,DEF,Bayern Munich,10111639,57
371,15,Oliver Horvat,DEF,Real Madrid,12851982,55
372,15,Lucas Jones,DEF,AC Milan,14010728,74
373,15,Carlos Onyango,DEF,Flamengo,8196496,62
374,15,Marcus Kovacic,DEF,Juventus,10659211,32
375,15,Hassan Kovacic,DEF,Bayern Munich,8600434,66
376,15,Luis Nakamura,MID,Kaizer Chiefs,8936056,23
377,15,Alex Horvat,MID,Benfica,13059158,33
378,15,Hassan Rodriguez,MID,Arsenal,11957212,51
379,15,Mohammed Müller,MID,Juventus,8741739,29
380,15,Alex Martinez,MID,Kaizer Chiefs,4196382,90
381,15,Youssef Müller,MID,Ajax,14165265,86
382,15,Samuel Horvat,MID,Al Hilal,5718129,19
383,15,Luis Kim,MID,Manchester City,13251420,49
384,15,Hassan Lee,MID,Club América,8640727,26
385,15,Ali Jones,FWD,Flamengo,4195673,49
386,15,James Park,FWD,Liverpool,3732653,14
387,15,Andrej Abdel,FWD,Porto,11992097,37
388,15,David Onyango,FWD,Inter Milan,9783836,37
389,15,Lucas Ibrahim,FWD,AC Milan,9154701,73
390,15,Oliver Martinez,FWD,Benfica,5049544,13
391,16,Mohammed Park,GK,Paris Saint-Germain,14359141,72
392,16,Oliver Lee,GK,Barcelona,8292151,8
393,16,Alex Horvat,GK,Liverpool,12835708,51
394,16,Oliver Lee,DEF,Ajax,5339630,88
395,16,John Ibrahim,DEF,Inter Milan,14942263,71
396,16,Samuel Horvat,DEF,Flamengo,9487667,50
397,16,Samuel Kovacic,DEF,Ajax,9121744,6
398,16,Mateo Nakamura,DEF,Real Madrid,10349783,76
399,16,Oliver Kim,DEF,Club América,6758855,64
400,16,Samuel Müller,DEF,Bayern Munich,11903860,57
401,16,Diego Ibrahim,DEF,Barcelona,5429860,66
402,16,Samuel Martinez,MID,Galatasaray,5915261,44
403,16,Alex Nakamura,MID,Kaizer Chiefs,11555121,41
404,16,Juan Jones,MID,Los Angeles FC,11727516,51
405,16,Mohammed Kim,MID,Bayern Munich,9692648,33
406,16,Luis Park,MID,AC Milan,7625591,36
407,16,Oliver Kim,MID,Los Angeles FC,5931962,27
408,16,James Müller,MID,Inter Milan,14387774,93
409,16,Carlos Kim,MID,AC Milan,7340207,36
410,16,James Martinez,MID,Porto,10234378,53
411,16,Ali Rodriguez,FWD,Manchester City,7040130,30
412,16,Ali Sato,FWD,Paris Saint-Germain,11165431,72
413,16,Carlos Park,FWD,AC Milan,6822083,55
414,16,Alex Martinez,FWD,Juventus,10710656,57
415,16,David Lee,FWD,Arsenal,6309003,25
416,16,Youssef Horvat,FWD,Liverpool,11858241,14
417,17,Daniel Park,GK,Flamengo,33339265,19
418,17,Juan Santos,GK,Inter Milan,27694774,30
419,17,David Garcia,GK,Barcelona,25060361,25
420,17,John Nakamura,DEF,Barcelona,30906899,20
421,17,Hassan Kim,DEF,Inter Milan,13212324,72
422,17,David Smith,DEF,Ajax,16062048,59
423,17,James Sato,DEF,Flamengo,33623747,53
424,17,Alex Lee,DEF,Arsenal,20374969,22
425,17,Mohammed Silva,DEF,Bayern Munich,27064425,63
426,17,Daniel Horvat,DEF,Paris Saint-Germain,28581027,56
427,17,John Ibrahim,DEF,Manchester City,29502000,51
428,17,Hassan Martinez,MID,Ajax,13173412,17
429,17,Thomas Smith,MID,AC Milan,15105867,26
430,17,Mohammed Kovacic,MID,AC Milan,23284683,56
431,17,Ali Müller,MID,Inter Milan,10054778,15
432,17,John Ibrahim,MID,Inter Milan,25919110,88
433,17,Mateo Kovacic,MID,Liverpool,17820277,24
434,17,Juan Rodriguez,MID,Benfica,20043365,93
435,17,Youssef Park,MID,Paris Saint-Germain,31683702,73
436,17,Thomas Garcia,MID,Benfica,21836586,52
437,17,Lucas Onyango,FWD,Al Hilal,11328209,79
438,17,Carlos Onyango,FWD,Al Hilal,22120172,19
439,17,Luis Martinez,FWD,Flamengo,25772191,69
440,17,Lucas Lee,FWD,Liverpool,19801923,10
441,17,Diego Nakamura,FWD,Boca Juniors,20089635,10
442,17,James Smith,FWD,Paris Saint-Germain,18542488,78
443,18,Samuel Garcia,GK,Manchester City,1609673,36
444,18,Marcus Jones,GK,Flamengo,5390402,11
445,18,David Kovacic,GK,Galatasaray,3155381,74
446,18,Ali Ibrahim,DEF,Porto,3324034,87
447,18,Hassan Garcia,DEF,Los Angeles FC,4319680,64
448,18,Alex Abdel,DEF,Porto,1921484,94
449,18,Diego Rodriguez,DEF,Real Madrid,4511536,25
450,18,Daniel Kovacic,DEF,Galatasaray,3385538,69
451,18,Marcus Ibrahim,DEF,Benfica,4917553,27
452,18,Alex Schmidt,DEF,Arsenal,2218432,83
453,18,David Nakamura,DEF,Real Madrid,4031406,89
454,18,Thomas Santos,MID,Boca Juniors,1703208,58
455,18,Oliver Jones,MID,Boca Juniors,2457588,8
456,18,Thomas Park,MID,Barcelona,2340824,82
457,18,Alex Lee,MID,Club América,5640812,26
458,18,Mohammed Onyango,MID,Ajax,3959108,65
459,18,Thomas Kovacic,MID,Al Hilal,5142442,93
460,18,Thomas Nakamura,MID,Club América,2694675,10
461,18,John Nakamura,MID,Benfica,3780265,9
462,18,Hassan Lee,MID,Liverpool,2772192,42
463,18,James Ibrahim,FWD,Juventus,2198870,53
464,18,Thomas Kovacic,FWD,Boca Juniors,5062869,17
465,18,David Park,FWD,Al Hilal,3171581,42
466,18,Alex Ibrahim,FWD,Manchester City,2449614,23
467,18,Luis Abdel,FWD,Paris Saint-Germain,1810229,70
468,18,David Schmidt,FWD,Barcelona,3020616,59
469,19,Lucas Santos,GK,Los Angeles FC,9302346,57
470,19,Carlos Kim,GK,Inter Milan,4432348,86
471,19,Daniel Santos,GK,Arsenal,10385530,91
472,19,Juan Müller,DEF,Porto,8411137,68
473,19,Thomas Park,DEF,Boca Juniors,5353816,30
474,19,Marcus Abdel,DEF,Flamengo,5245973,37
475,19,Luis Martinez,DEF,Ajax,9287355,70
476,19,Carlos Abdel,DEF,Juventus,5282755,9
477,19,Alex Smith,DEF,Club América,4856477,89
478,19,Youssef Kovacic,DEF,Porto,3970676,34
479,19,Samuel Müller,DEF,Ajax,6806298,63
480,19,Andrej Kim,MID,Flamengo,10625437,62
481,19,Luis Silva,MID,Liverpool,8714783,36
482,19,Marcus Kim,MID,Barcelona,4229285,85
483,19,Diego Jones,MID,Barcelona,9583692,11
484,19,Daniel Nakamura,MID,Manchester City,3848715,61
485,19,Alex Smith,MID,Barcelona,4512707,46
486,19,Oliver Kim,MID,Los Angeles FC,8114063,6
487,19,Marcus Nakamura,MID,AC Milan,2821677,52
488,19,Marcus Kovacic,MID,Galatasaray,2864933,78
489,19,John Martinez,FWD,Juventus,10229310,52
490,19,Carlos Lee,FWD,Porto,4788172,36
491,19,Lucas Abdel,FWD,Juventus,10566496,46
492,19,Thomas Kovacic,FWD,Barcelona,8316439,81
493,19,Lucas Ibrahim,FWD,Barcelona,5825062,54
494,19,Daniel Silva,FWD,Ajax,3400713,81
495,20,Samuel Martinez,GK,Juventus,15383183,87
496,20,Carlos Onyango,GK,Manchester City,10131249,9
497,20,Andrej Park,GK,Ajax,11233635,7
498,20,Daniel Santos,DEF,Porto,11528319,72
499,20,Lucas Kovacic,DEF,Porto,6210062,26
500,20,Marcus Horvat,DEF,Manchester City,8983213,71
501,20,Diego Abdel,DEF,Manchester City,4847839,44
502,20,Mohammed Ibrahim,DEF,AC Milan,16311709,34
503,20,Luis Kim,DEF,Porto,7032855,54
504,20,Youssef Silva,DEF,Manchester City,12688940,64
505,20,Oliver Kovacic,DEF,Manchester City,14171492,69
506,20,Andrej Rodriguez,MID,Liverpool,8935036,75
507,20,Hassan Horvat,MID,Inter Milan,8693292,13
508,20,Luis Abdel,MID,Manchester City,13711688,14
509,20,John Nakamura,MID,Galatasaray,9797355,54
510,20,Mateo Smith,MID,Kaizer Chiefs,5297794,54
511,20,Oliver Horvat,MID,Galatasaray,14993970,6
512,20,Hassan Garcia,MID,Juventus,13254465,55
513,20,Samuel Lee,MID,Liverpool,6299404,39
514,20,Andrej Kovacic,MID,Bayern Munich,7537247,18
515,20,Youssef Schmidt,FWD,Manchester City,9449874,48
516,20,Ali Schmidt,FWD,Flamengo,16002345,69
517,20,Oliver Santos,FWD,Real Madrid,9910312,17
518,20,Hassan Horvat,FWD,Ajax,14717091,39
519,20,Luis Horvat,FWD,Kaizer Chiefs,9569042,79
520,20,Alex Kovacic,FWD,Paris Saint-Germain,8191823,90
521,21,Juan Horvat,GK,Ajax,15705143,40
522,21,James Kim,GK,Ajax,39990375,75
523,21,Hassan Schmidt,GK,Arsenal,35340999,40
524,21,Samuel Santos,DEF,Los Angeles FC,28447935,54
525,21,Daniel Sato,DEF,Inter Milan,39228488,23
526,21,Lucas Nakamura,DEF,Inter Milan,30929878,17
527,21,Thomas Schmidt,DEF,Porto,30489903,69
528,21,Lucas Sato,DEF,Porto,40695381,48
529,21,Marcus Lee,DEF,Galatasaray,38629779,83
530,21,Marcus Jones,DEF,Los Angeles FC,34548824,37
531,21,Oliver Garcia,DEF,Benfica,13606869,27
532,21,John Jones,MID,Porto,27556386,63
533,21,Mohammed Nakamura,MID,Juventus,13501603,13
534,21,Diego Lee,MID,Juventus,27395734,66
535,21,Luis Abdel,MID,Club América,22267164,74
536,21,Diego Rodriguez,MID,Arsenal,20848186,7
537,21,James Nakamura,MID,Liverpool,38539163,12
538,21,Ali Kovacic,MID,Al Hilal,20789766,75
539,21,Juan Abdel,MID,Boca Juniors,24880587,44
540,21,Mohammed Garcia,MID,Arsenal,19474189,77
541,21,Daniel Horvat,FWD,Bayern Munich,30161243,65
542,21,Thomas Lee,FWD,Los Angeles FC,15607279,19
543,21,Youssef Sato,FWD,Bayern Munich,17371591,41
544,21,John Nakamura,FWD,Paris Saint-Germain,22403883,71
545,21,Luis Onyango,FWD,Paris Saint-Germain,23447996,5
546,21,Carlos Schmidt,FWD,Manchester City,33368706,77
547,22,Samuel Martinez,GK,Benfica,17476633,53
548,22,Mohammed Santos,GK,Flamengo,12201227,28
549,22,Diego Horvat,GK,Club América,14352112,60
550,22,Mateo Abdel,DEF,Bayern Munich,10572633,46
551,22,James Onyango,DEF,Arsenal,6449941,17
552,22,Thomas Kovacic,DEF,Liverpool,6946654,38
553,22,Diego Ibrahim,DEF,Porto,11594758,17
554,22,Youssef Silva,DEF,Bayern Munich,12650467,53
555,22,Marcus Silva,DEF,Ajax,12696315,17
556,22,Luis Jones,DEF,Flamengo,18495144,90
557,22,Alex Santos,DEF,Al Hilal,17719052,91
558,22,Juan Nakamura,MID,Boca Juniors,15705488,42
559,22,Juan Silva,MID,Juventus,6417831,7
560,22,James Jones,MID,Bayern Munich,9382691,53
561,22,Luis Onyango,MID,Los Angeles FC,16597520,73
562,22,Diego Martinez,MID,Los Angeles FC,13977894,29
563,22,Ali Park,MID,Boca Juniors,17833137,8
564,22,Marcus Santos,MID,Juventus,20412044,14
565,22,James Jones,MID,Manchester City,12080615,36
566,22,Luis Martinez,MID,Club América,17108372,26
567,22,Ali Nakamura,FWD,Paris Saint-Germain,7703098,17
568,22,Carlos Jones,FWD,Kaizer Chiefs,13937171,52
569,22,Marcus Silva,FWD,Inter Milan,10135556,68
570,22,Samuel Schmidt,FWD,Arsenal,19835395,51
571,22,Alex Nakamura,FWD,Liverpool,19316595,94
572,22,Alex Müller,FWD,Juventus,7398590,33
573,23,Hassan Kim,GK,Galatasaray,5548537,61
574,23,Hassan Sato,GK,Manchester City,4770754,76
575,23,Hassan Lee,GK,Benfica,12638814,67
576,23,Luis Kim,DEF,Manchester City,7708624,5
577,23,Luis Abdel,DEF,Porto,13809233,76
578,23,Carlos Nakamura,DEF,Ajax,13514497,49
579,23,James Horvat,DEF,Flamengo,10275992,16
580,23,Mohammed Jones,DEF,Boca Juniors,4425671,61
581,23,Daniel Martinez,DEF,Boca Juniors,14734873,19
582,23,Daniel Nakamura,DEF,Liverpool,6250371,66
583,23,James Silva,DEF,Manchester City,14092983,83
584,23,Ali Schmidt,MID,Bayern Munich,4851318,64
585,23,David Ibrahim,MID,Juventus,11189580,70
586,23,Youssef Garcia,MID,Flamengo,12100835,5
587,23,Lucas Rodriguez,MID,Boca Juniors,10817059,51
588,23,Daniel Smith,MID,Galatasaray,12006308,78
589,23,Alex Kim,MID,Arsenal,4716051,39
590,23,Mateo Horvat,MID,Porto,8178552,31
591,23,Alex Rodriguez,MID,Kaizer Chiefs,4687851,55
592,23,John Sato,MID,Liverpool,7987489,24
593,23,Youssef Sato,FWD,Arsenal,13924243,12
594,23,Alex Martinez,FWD,Galatasaray,10769152,39
595,23,Mohammed Rodriguez,FWD,Juventus,6780927,63
596,23,Marcus Kovacic,FWD,Inter Milan,12979159,67
597,23,Carlos Lee,FWD,Porto,10971639,21
598,23,James Jones,FWD,Juventus,13035542,76
599,24,Juan Ibrahim,GK,Kaizer Chiefs,3158287,49
600,24,Lucas Lee,GK,Benfica,8652339,6
601,24,Mohammed Rodriguez,GK,Galatasaray,5098915,80
602,24,Ali Park,DEF,Manchester City,7195371,73
603,24,Daniel Onyango,DEF,Barcelona,2838186,28
604,24,David Ibrahim,DEF,Al Hilal,5946919,61
605,24,Youssef Nakamura,DEF,Los Angeles FC,7328963,12
606,24,Marcus Rodriguez,DEF,Al Hilal,4324556,32
607,24,Carlos Rodriguez,DEF,Manchester City,6157763,40
608,24,James Nakamura,DEF,Barcelona,7528253,81
609,24,Thomas Garcia,DEF,Kaizer Chiefs,8906539,15
610,24,Oliver Jones,MID,Bayern Munich,4549863,71
611,24,Mateo Smith,MID,Bayern Munich,7372081,68
612,24,Juan Abdel,MID,AC Milan,6062997,75
613,24,John Abdel,MID,AC Milan,3258732,75
614,24,Mateo Smith,MID,Al Hilal,4731971,43
615,24,Lucas Schmidt,MID,Manchester City,7403394,56
616,24,Juan Sato,MID,Club América,5976453,9
617,24,John Abdel,MID,Club América,3473822,74
618,24,Mateo Müller,MID,Real Madrid,7604871,5
619,24,Thomas Jones,FWD,Liverpool,5700205,39
620,24,John Jones,FWD,Galatasaray,6274406,87
621,24,Thomas Horvat,FWD,Ajax,4117784,87
622,24,Andrej Garcia,FWD,Barcelona,6406600,15
623,24,John Müller,FWD,Porto,8054871,93
624,24,Lucas Sato,FWD,Inter Milan,8491675,74
625,25,Mohammed Garcia,GK,Paris Saint-Germain,24649505,5
626,25,James Onyango,GK,Juventus,31084666,71
627,25,Luis Abdel,GK,Paris Saint-Germain,25722873,49
628,25,Marcus Müller,DEF,Real Madrid,13456177,88
629,25,Thomas Park,DEF,Real Madrid,18902535,80
630,25,Mohammed Smith,DEF,Inter Milan,30373397,38
631,25,Mateo Santos,DEF,Flamengo,24002226,26
632,25,David Rodriguez,DEF,Juventus,29058737,13
633,25,Diego Nakamura,DEF,Manchester City,28758259,38
634,25,Samuel Martinez,DEF,Porto,23324086,62
635,25,Lucas Onyango,DEF,Liverpool,25059096,44
636,25,Thomas Kovacic,MID,Porto,16526840,33
637,25,Mohammed Horvat,MID,Paris Saint-Germain,21859452,26
638,25,Alex Onyango,MID,Boca Juniors,12299553,14
639,25,Luis Horvat,MID,Paris Saint-Germain,20573473,53
640,25,Luis Kovacic,MID,Manchester City,22153902,81
641,25,John Kovacic,MID,Barcelona,32249241,67
642,25,Carlos Horvat,MID,Benfica,13393816,69
643,25,Hassan Lee,MID,Bayern Munich,10630468,31
644,25,Daniel Ibrahim,MID,Los Angeles FC,33033827,55
645,25,Thomas Martinez,FWD,Liverpool,22117658,77
646,25,Mateo Smith,FWD,Juventus,10984144,75
647,25,Alex Santos,FWD,Manchester City,32173791,38
648,25,Samuel Onyango,FWD,Real Madrid,16466489,78
649,25,Lucas Santos,FWD,Liverpool,34365675,44
650,25,Lucas Horvat,FWD,Barcelona,12676483,89
651,26,John Onyango,GK,Flamengo,6560269,70
652,26,Daniel Ibrahim,GK,Paris Saint-Germain,8700465,20
653,26,John Schmidt,GK,Barcelona,5248182,84
654,26,Oliver Müller,DEF,Los Angeles FC,8392907,49
655,26,Juan Jones,DEF,Galatasaray,3603745,39
656,26,Carlos Lee,DEF,Los Angeles FC,4985367,94
657,26,Daniel Ibrahim,DEF,Los Angeles FC,9545248,37
658,26,Juan Abdel,DEF,Porto,10664414,50
659,26,Andrej Silva,DEF,Real Madrid,3076018,58
660,26,Andrej Jones,DEF,Benfica,9774095,47
661,26,Samuel Müller,DEF,Juventus,11189095,14
662,26,Andrej Park,MID,Barcelona,9839410,87
663,26,Thomas Onyango,MID,Benfica,10098058,76
664,26,John Silva,MID,Benfica,4877554,33
665,26,Samuel Smith,MID,Club América,8873696,36
666,26,Samuel Rodriguez,MID,Flamengo,7672513,21
667,26,Marcus Kovacic,MID,Barcelona,4355513,8
668,26,Thomas Müller,MID,Ajax,3023510,48
669,26,Oliver Santos,MID,Bayern Munich,9755193,35
670,26,Mohammed Jones,MID,Liverpool,3040498,57
671,26,Mateo Lee,FWD,Benfica,10219289,91
672,26,Hassan Onyango,FWD,Liverpool,3717668,32
673,26,John Nakamura,FWD,Ajax,9630210,91
674,26,John Park,FWD,Benfica,8789028,88
675,26,Thomas Onyango,FWD,Inter Milan,9823740,39
676,26,Alex Silva,FWD,Club América,9090903,90
677,27,Hassan Onyango,GK,Kaizer Chiefs,5158709,59
678,27,Thomas Onyango,GK,Ajax,6170481,49
679,27,Lucas Müller,GK,Manchester City,9593951,33
680,27,Mohammed Sato,DEF,Manchester City,4862669,23
681,27,Ali Schmidt,DEF,Barcelona,15803454,69
682,27,Hassan Sato,DEF,Galatasaray,15035598,92
683,27,Juan Ibrahim,DEF,Flamengo,9656314,38
684,27,Samuel Müller,DEF,Barcelona,6996322,11
685,27,James Smith,DEF,Manchester City,9197675,90
686,27,Mohammed Silva,DEF,Manchester City,17226885,19
687,27,Marcus Garcia,DEF,Flamengo,9468981,93
688,27,Daniel Nakamura,MID,Galatasaray,17995805,19
689,27,John Jones,MID,Paris Saint-Germain,6130245,23
690,27,Youssef Park,MID,AC Milan,14886833,70
691,27,James Kovacic,MID,Club América,8052728,9
692,27,Marcus Kim,MID,Galatasaray,6868430,37
693,27,Lucas Kovacic,MID,Flamengo,16323637,61
694,27,Carlos Martinez,MID,Inter Milan,5064947,20
695,27,Lucas Kim,MID,Porto,16603943,32
696,27,Juan Kim,MID,Los Angeles FC,17324867,28
697,27,Hassan Silva,FWD,Bayern Munich,9935458,39
698,27,Luis Jones,FWD,Juventus,8415919,46
699,27,Andrej Onyango,FWD,Arsenal,5571396,72
700,27,Lucas Abdel,FWD,Club América,16101934,42
701,27,Thomas Park,FWD,Al Hilal,5562148,39
702,27,Youssef Park,FWD,Club América,14393552,89
703,28,Thomas Kim,GK,Barcelona,2606818,40
704,28,Diego Onyango,GK,Kaizer Chiefs,5087530,77
705,28,Alex Martinez,GK,Bayern Munich,5288756,45
706,28,Carlos Santos,DEF,Galatasaray,1894829,43
707,28,Carlos Rodriguez,DEF,Manchester City,4813949,28
708,28,Lucas Ibrahim,DEF,AC Milan,3668670,54
709,28,Diego Sato,DEF,Kaizer Chiefs,5156421,6
710,28,Samuel Lee,DEF,Liverpool,4597784,15
711,28,Alex Onyango,DEF,Arsenal,3798849,73
712,28,Mateo Onyango,DEF,Los Angeles FC,4588956,75
713,28,Ali Nakamura,DEF,Club América,2463669,63
714,28,Oliver Kim,MID,Liverpool,1528991,29
715,28,Oliver Ibrahim,MID,Ajax,1534421,85
716,28,Thomas Jones,MID,Benfica,4449603,87
717,28,Daniel Horvat,MID,AC Milan,4744995,32
718,28,Juan Martinez,MID,Inter Milan,5384594,25
719,28,Luis Horvat,MID,Manchester City,2485455,42
720,28,Carlos Sato,MID,Flamengo,2246170,79
721,28,Diego Abdel,MID,Bayern Munich,4759969,51
722,28,Lucas Kovacic,MID,Al Hilal,4300413,41
723,28,Samuel Smith,FWD,Paris Saint-Germain,2090907,83
724,28,David Müller,FWD,Benfica,1510869,9
725,28,Carlos Schmidt,FWD,Porto,2893401,46
726,28,Mateo Smith,FWD,Boca Juniors,2372133,48
727,28,John Kim,FWD,Bayern Munich,3794504,36
728,28,Andrej Garcia,FWD,Bayern Munich,2549985,39
729,29,Samuel Santos,GK,Paris Saint-Germain,118879280,63
730,29,Andrej Nakamura,GK,Real Madrid,84543990,82
731,29,Juan Rodriguez,GK,Real Madrid,97934417,59
732,29,Thomas Schmidt,DEF,AC Milan,94037065,89
733,29,Youssef Ibrahim,DEF,Paris Saint-Germain,118327545,46
734,29,Luis Kovacic,DEF,Porto,100912740,79
735,29,Samuel Martinez,DEF,Benfica,34020821,94
736,29,Marcus Kovacic,DEF,Manchester City,63093263,14
737,29,Mohammed Schmidt,DEF,AC Milan,97257677,82
738,29,James Santos,DEF,Barcelona,48259211,73
739,29,Oliver Ibrahim,DEF,Real Madrid,99248469,66
740,29,Juan Kovacic,MID,Porto,59193716,42
741,29,David Onyango,MID,Paris Saint-Germain,103995736,56
742,29,Mohammed Müller,MID,Flamengo,101823669,62
743,29,Ali Lee,MID,Los Angeles FC,63264915,20
744,29,John Kovacic,MID,AC Milan,43033848,16
745,29,Marcus Silva,MID,Manchester City,127848038,85
746,29,Thomas Abdel,MID,Galatasaray,55588890,83
747,29,Mohammed Abdel,MID,Arsenal,59306855,31
748,29,Juan Jones,MID,Kaizer Chiefs,119806210,57
749,29,Lucas Kim,FWD,Porto,122106284,50
750,29,Diego Kovacic,FWD,Liverpool,74540491,83
751,29,Alex Santos,FWD,Boca Juniors,67506527,93
752,29,Alex Horvat,FWD,Manchester City,119406822,21
753,29,Juan Horvat,FWD,Barcelona,96302806,20
754,29,Daniel Sato,FWD,Bayern Munich,60601918,73
755,30,Samuel Silva,GK,Manchester City,4153951,73
756,30,Alex Nakamura,GK,Flamengo,4880393,41
757,30,Hassan Smith,GK,Benfica,1873058,22
758,30,Daniel Horvat,DEF,Real Madrid,5503101,52
759,30,Daniel Müller,DEF,Inter Milan,2824787,83
760,30,Alex Martinez,DEF,Bayern Munich,3618742,57
761,30,Lucas Jones,DEF,Al Hilal,3187914,31
762,30,Oliver Lee,DEF,Liverpool,3387976,84
763,30,Mohammed Kim,DEF,Porto,3496080,21
764,30,Daniel Müller,DEF,Paris Saint-Germain,2814972,93
765,30,Daniel Onyango,DEF,Barcelona,4229954,16
766,30,Hassan Schmidt,MID,Kaizer Chiefs,5575800,61
767,30,David Martinez,MID,Arsenal,4981755,6
768,30,Youssef Sato,MID,Flamengo,3602100,54
769,30,Alex Santos,MID,Inter Milan,5191870,61
770,30,Youssef Martinez,MID,Kaizer Chiefs,5026759,29
771,30,Alex Nakamura,MID,Kaizer Chiefs,5875659,14
772,30,Mateo Kovacic,MID,Paris Saint-Germain,2258147,14
773,30,Oliver Santos,MID,Paris Saint-Germain,5609667,79
774,30,Ali Nakamura,MID,Flamengo,3173522,8
775,30,Carlos Kim,FWD,Manchester City,3351472,5
776,30,Mateo Onyango,FWD,Manchester City,5059767,18
777,30,Diego Garcia,FWD,AC Milan,5335086,14
778,30,Thomas Sato,FWD,Boca Juniors,6673291,31
779,30,David Martinez,FWD,Inter Milan,5787451,83
780,30,Ali Horvat,FWD,Barcelona,3832997,15
781,31,Daniel Rodriguez,GK,Benfica,5687456,20
782,31,Luis Schmidt,GK,Ajax,6915010,13
783,31,John Martinez,GK,AC Milan,4189096,91
784,31,Hassan Kim,DEF,Bayern Munich,6466625,63
785,31,Mateo Rodriguez,DEF,Bayern Munich,5874709,10
786,31,Mateo Nakamura,DEF,Club América,7101900,48
787,31,Luis Silva,DEF,Kaizer Chiefs,5390544,75
788,31,Daniel Rodriguez,DEF,Galatasaray,4658741,48
789,31,Luis Jones,DEF,Real Madrid,2263535,63
790,31,Diego Onyango,DEF,Ajax,6032226,25
791,31,Diego Lee,DEF,Galatasaray,5829468,60
792,31,Thomas Kim,MID,Porto,3875086,65
793,31,Alex Park,MID,Real Madrid,6992538,60
794,31,John Lee,MID,Bayern Munich,6745931,81
795,31,Lucas Kim,MID,AC Milan,3731768,34
796,31,David Lee,MID,Porto,3172960,62
797,31,Thomas Garcia,MID,Boca Juniors,4521874,77
798,31,Lucas Kim,MID,Flamengo,4453246,15
799,31,Daniel Martinez,MID,Los Angeles FC,4204287,8
800,31,Daniel Garcia,MID,Inter Milan,6420313,91
801,31,Diego Park,FWD,Ajax,3082484,65
802,31,Ali Jones,FWD,Ajax,6561862,80
803,31,Marcus Kim,FWD,Boca Juniors,5991622,37
804,31,Mateo Martinez,FWD,Ajax,6235066,24
805,31,Ali Kovacic,FWD,Arsenal,5027434,38
806,31,David Silva,FWD,Galatasaray,4712053,78
807,32,Mateo Schmidt,GK,Porto,16100065,21
808,32,Carlos Sato,GK,Ajax,19744077,22
809,32,Mateo Nakamura,GK,Club América,6476852,61
810,32,Mateo Sato,DEF,Al Hilal,13483228,58
811,32,Alex Kim,DEF,Los Angeles FC,5757901,71
812,32,Youssef Onyango,DEF,Bayern Munich,13918801,50
813,32,Samuel Silva,DEF,Porto,18140193,16
814,32,Oliver Horvat,DEF,Kaizer Chiefs,14279926,39
815,32,Thomas Schmidt,DEF,Inter Milan,12468340,35
816,32,Luis Rodriguez,DEF,Al Hilal,8040156,59
817,32,James Park,DEF,Los Angeles FC,20360558,69
818,32,Carlos Santos,MID,Benfica,9259917,69
819,32,Alex Silva,MID,Ajax,14276232,67
820,32,Mateo Abdel,MID,Galatasaray,15271832,57
821,32,Marcus Kovacic,MID,Real Madrid,20646512,43
822,32,Diego Martinez,MID,Barcelona,6114872,18
823,32,Carlos Schmidt,MID,Inter Milan,18475949,19
824,32,Andrej Rodriguez,MID,Inter Milan,19996916,67
825,32,Carlos Park,MID,Arsenal,6234819,78
826,32,Oliver Park,MID,Los Angeles FC,20431049,71
827,32,Hassan Müller,FWD,Inter Milan,14396087,76
828,32,David Ibrahim,FWD,Ajax,12292445,91
829,32,Marcus Jones,FWD,Kaizer Chiefs,5905017,27
830,32,Luis Müller,FWD,Benfica,21226429,68
831,32,Samuel Park,FWD,Paris Saint-Germain,18275846,22
832,32,James Sato,FWD,Bayern Munich,8709369,66
833,33,Kylian Mbappé,FWD,Real Madrid,180000000,80
834,33,Antoine Griezmann,FWD,Atlético Madrid,25000000,129
835,33,Aurélien Tchouaméni,MID,Real Madrid,90000000,34
836,33,William Saliba,DEF,Arsenal,80000000,17
837,33,Mike Maignan,GK,AC Milan,38000000,18
838,33,John Lee,DEF,AC Milan,32027098,8
839,33,Marcus Schmidt,DEF,AC Milan,32785011,57
840,33,Daniel Horvat,DEF,Barcelona,56575362,89
841,33,Alex Horvat,DEF,Kaizer Chiefs,65811554,74
842,33,James Kim,DEF,Manchester City,79468054,54
843,33,Mohammed Lee,DEF,Manchester City,39145014,21
844,33,Diego Silva,DEF,Manchester City,53009613,53
845,33,Ali Müller,DEF,Ajax,86082263,64
846,33,Ali Kovacic,DEF,Al Hilal,39037707,72
847,33,Juan Park,DEF,Real Madrid,81857966,93
848,33,Mateo Abdel,DEF,Kaizer Chiefs,55113401,86
849,33,Oliver Müller,MID,Ajax,91423807,66
850,33,Hassan Martinez,MID,Inter Milan,50883234,53
851,33,Daniel Lee,MID,Al Hilal,81746230,38
852,33,Luis Kim,MID,Paris Saint-Germain,26685407,85
853,33,Mohammed Lee,MID,Los Angeles FC,29408799,13
854,33,Marcus Smith,MID,Paris Saint-Germain,67937752,23
855,33,Youssef Martinez,MID,Galatasaray,38127472,79
856,33,Lucas Rodriguez,MID,Barcelona,25263446,69
857,33,Lucas Garcia,MID,Los Angeles FC,27422356,76
858,33,Lucas Onyango,FWD,Galatasaray,81711581,86
859,34,Hassan Sato,GK,Real Madrid,17356791,43
860,34,Hassan Martinez,GK,Kaizer Chiefs,15638624,62
861,34,Lucas Onyango,GK,Benfica,6824367,81
862,34,Diego Martinez,DEF,Kaizer Chiefs,11225389,66
863,34,Lucas Kovacic,DEF,Porto,19789622,44
864,34,Daniel Kim,DEF,Porto,8820368,24
865,34,Marcus Kovacic,DEF,Benfica,23299707,17
866,34,Daniel Park,DEF,Barcelona,21761954,17
867,34,Daniel Onyango,DEF,Manchester City,16752220,53
868,34,James Santos,DEF,Benfica,19483797,86
869,34,Carlos Nakamura,DEF,Liverpool,22317866,81
870,34,John Silva,MID,Paris Saint-Germain,9981590,80
871,34,Mateo Silva,MID,Barcelona,18091028,56
872,34,Marcus Sato,MID,Manchester City,17617215,11
873,34,Andrej Martinez,MID,Ajax,9560611,57
874,34,Ali Rodriguez,MID,Inter Milan,18096750,26
875,34,Oliver Garcia,MID,Boca Juniors,22218623,33
876,34,Mohammed Kovacic,MID,Club América,18495972,18
877,34,Ali Horvat,MID,Ajax,23273131,20
878,34,Thomas Müller,MID,AC Milan,18833560,62
879,34,Ali Rodriguez,FWD,Flamengo,18245983,34
880,34,Luis Sato,FWD,Los Angeles FC,12466600,32
881,34,Mateo Silva,FWD,AC Milan,17633014,12
882,34,Alex Park,FWD,Manchester City,9542856,71
883,34,Lucas Smith,FWD,Club América,21308384,61
884,34,Samuel Ibrahim,FWD,Barcelona,19860343,24
885,35,Marcus Schmidt,GK,Flamengo,5234389,94
886,35,Alex Abdel,GK,Club América,4333114,85
887,35,James Rodriguez,GK,Porto,4764154,50
888,35,Ali Lee,DEF,Kaizer Chiefs,2053184,26
889,35,John Lee,DEF,Club América,2827947,19
890,35,Samuel Rodriguez,DEF,Benfica,6383292,48
891,35,David Müller,DEF,AC Milan,6535837,25
892,35,Ali Müller,DEF,Benfica,2245514,23
893,35,Hassan Kim,DEF,Barcelona,7469700,84
894,35,Mohammed Martinez,DEF,AC Milan,6191161,51
895,35,Andrej Onyango,DEF,Porto,5239647,20
896,35,Ali Onyango,MID,Al Hilal,5890281,80
897,35,Andrej Ibrahim,MID,Porto,7796682,25
898,35,Ali Abdel,MID,Kaizer Chiefs,4896449,48
899,35,Daniel Lee,MID,Juventus,7255575,44
900,35,Lucas Lee,MID,Bayern Munich,5831421,24
901,35,John Abdel,MID,Juventus,5583930,78
902,35,Youssef Horvat,MID,Flamengo,6289779,48
903,35,Juan Santos,MID,Galatasaray,5516893,63
904,35,Daniel Müller,MID,Bayern Munich,2247519,56
905,35,Alex Lee,FWD,Barcelona,2223917,56
906,35,John Schmidt,FWD,Porto,7496833,51
907,35,Oliver Onyango,FWD,Inter Milan,5796472,84
908,35,Lucas Santos,FWD,Flamengo,4671635,94
909,35,John Müller,FWD,Club América,6947108,59
910,35,John Lee,FWD,Ajax,3569105,70
911,36,Luis Onyango,GK,Liverpool,2902378,39
912,36,Mateo Smith,GK,Al Hilal,3865846,82
913,36,Youssef Rodriguez,GK,Kaizer Chiefs,6775342,20
914,36,Oliver Jones,DEF,Arsenal,8740024,52
915,36,Lucas Kim,DEF,Los Angeles FC,7164189,86
916,36,Daniel Nakamura,DEF,Barcelona,6172989,38
917,36,Diego Nakamura,DEF,Porto,4061690,77
918,36,Ali Onyango,DEF,Club América,8212256,86
919,36,Mateo Nakamura,DEF,Juventus,3371753,47
920,36,Lucas Kovacic,DEF,AC Milan,6723247,53
921,36,Carlos Smith,DEF,Club América,7523263,76
922,36,Diego Martinez,MID,Paris Saint-Germain,6156517,38
923,36,Mohammed Nakamura,MID,Club América,5019947,18
924,36,Andrej Schmidt,MID,Benfica,8575659,43
925,36,Oliver Schmidt,MID,Paris Saint-Germain,9563058,40
926,36,Youssef Park,MID,Benfica,8061914,48
927,36,Marcus Park,MID,Club América,5896705,93
928,36,Ali Ibrahim,MID,Arsenal,7715470,81
929,36,Thomas Sato,MID,Arsenal,8057012,90
930,36,Carlos Lee,MID,Los Angeles FC,5296282,35
931,36,Oliver Jones,FWD,Real Madrid,3565556,91
932,36,Lucas Rodriguez,FWD,Manchester City,5809444,59
933,36,Lucas Schmidt,FWD,Barcelona,4006006,12
934,36,Hassan Ibrahim,FWD,Kaizer Chiefs,6836356,51
935,36,David Silva,FWD,Paris Saint-Germain,7026341,44
936,36,Diego Kovacic,FWD,Al Hilal,3810985,75
937,37,Lionel Messi,FWD,Inter Miami,10000000,185
938,37,Lautaro Martínez,FWD,Inter Milan,80000000,62
939,37,Alexis Mac Allister,MID,Liverpool,70000000,28
940,37,Enzo Fernández,MID,Chelsea,75000000,24
941,37,Emiliano Martínez,GK,Aston Villa,28000000,39
942,37,Diego Müller,DEF,Benfica,170734197,65
943,37,Thomas Smith,DEF,AC Milan,235616262,12
944,37,Hassan Abdel,DEF,Paris Saint-Germain,180539168,41
945,37,Diego Smith,DEF,Manchester City,192646597,11
946,37,Marcus Kovacic,DEF,Club América,190704967,55
947,37,Ali Abdel,DEF,Kaizer Chiefs,233391779,29
948,37,Carlos Sato,DEF,AC Milan,227348491,56
949,37,John Nakamura,DEF,Al Hilal,151122857,55
950,37,James Horvat,DEF,AC Milan,230462783,77
951,37,Marcus Onyango,DEF,Porto,105025468,44
952,37,Samuel Kim,DEF,Boca Juniors,198594094,73
953,37,Luis Onyango,MID,AC Milan,215164190,48
954,37,Lucas Ibrahim,MID,Juventus,174059123,94
955,37,Mohammed Nakamura,MID,Real Madrid,231980223,51
956,37,Andrej Müller,MID,Ajax,111712124,40
957,37,Lucas Park,MID,Benfica,227651323,47
958,37,Carlos Onyango,MID,Paris Saint-Germain,108433640,90
959,37,Juan Santos,MID,AC Milan,102275046,26
960,37,Carlos Müller,MID,Kaizer Chiefs,96497980,27
961,37,Ali Rodriguez,MID,Manchester City,200208926,15
962,37,Juan Smith,FWD,Barcelona,197563958,53
963,38,Juan Abdel,GK,Club América,10109667,49
964,38,Andrej Kim,GK,Al Hilal,5470291,73
965,38,Andrej Ibrahim,GK,Barcelona,5885920,56
966,38,Diego Nakamura,DEF,Al Hilal,8601194,53
967,38,Ali Ibrahim,DEF,Boca Juniors,12650144,74
968,38,Mateo Lee,DEF,Real Madrid,8407801,67
969,38,Carlos Ibrahim,DEF,Kaizer Chiefs,9689393,34
970,38,Andrej Silva,DEF,Flamengo,9345571,26
971,38,Oliver Horvat,DEF,Paris Saint-Germain,7410120,49
972,38,Youssef Abdel,DEF,Boca Juniors,7401153,41
973,38,John Onyango,DEF,Juventus,4922073,56
974,38,Mateo Schmidt,MID,Porto,12053393,54
975,38,Carlos Rodriguez,MID,Flamengo,12010473,71
976,38,Daniel Silva,MID,Al Hilal,7999283,17
977,38,Marcus Horvat,MID,Los Angeles FC,11854648,32
978,38,Samuel Jones,MID,Barcelona,7754291,67
979,38,Carlos Schmidt,MID,Boca Juniors,8582324,61
980,38,Mohammed Schmidt,MID,AC Milan,7357535,55
981,38,Ali Smith,MID,Kaizer Chiefs,7895858,36
982,38,Carlos Onyango,MID,Bayern Munich,9635202,63
983,38,James Abdel,FWD,Boca Juniors,6977398,50
984,38,Lucas Ibrahim,FWD,Liverpool,10035448,46
985,38,John Horvat,FWD,Porto,8002418,60
986,38,Lucas Garcia,FWD,Ajax,5249104,25
987,38,James Schmidt,FWD,Boca Juniors,9947716,40
988,38,Ali Onyango,FWD,Bayern Munich,9052797,45
989,39,John Smith,GK,AC Milan,5537480,26
990,39,Lucas Santos,GK,Manchester City,6043306,14
991,39,Juan Park,GK,Al Hilal,4677157,74
992,39,Lucas Martinez,DEF,Porto,7197520,18
993,39,James Müller,DEF,Liverpool,7015636,30
994,39,Alex Lee,DEF,Benfica,14156808,7
995,39,Mohammed Kim,DEF,AC Milan,9670942,83
996,39,Marcus Sato,DEF,Los Angeles FC,5659193,90
997,39,John Onyango,DEF,Club América,11246156,61
998,39,Youssef Lee,DEF,Benfica,11755991,53
999,39,Juan Park,DEF,Inter Milan,6770783,13
1000,39,Ali Nakamura,MID,Real Madrid,7165564,32
1001,39,Diego Rodriguez,MID,Real Madrid,8181285,47
1002,39,Juan Kim,MID,Inter Milan,7646419,73
1003,39,Oliver Müller,MID,Paris Saint-Germain,13652433,54
1004,39,Youssef Park,MID,Porto,9307468,27
1005,39,Hassan Müller,MID,Juventus,7203899,43
1006,39,Diego Schmidt,MID,AC Milan,7466009,71
1007,39,Youssef Santos,MID,Inter Milan,14337587,21
1008,39,Mateo Sato,MID,Kaizer Chiefs,11489525,29
1009,39,Juan Santos,FWD,Los Angeles FC,7900515,18
1010,39,Daniel Silva,FWD,Liverpool,15773388,30
1011,39,Luis Smith,FWD,Flamengo,6839426,18
1012,39,Carlos Horvat,FWD,Flamengo,9103747,75
1013,39,Ali Sato,FWD,Manchester City,12446383,7
1014,39,Alex Jones,FWD,Los Angeles FC,7246463,40
1015,40,Juan Silva,GK,Porto,2795290,80
1016,40,Daniel Martinez,GK,Porto,6956938,69
1017,40,Luis Müller,GK,Boca Juniors,5696435,8
1018,40,Mateo Lee,DEF,Porto,5315533,23
1019,40,James Horvat,DEF,Los Angeles FC,2616672,70
1020,40,Diego Martinez,DEF,Paris Saint-Germain,3120392,62
1021,40,Ali Jones,DEF,Arsenal,6366839,24
1022,40,Thomas Nakamura,DEF,AC Milan,3499111,20
1023,40,Samuel Martinez,DEF,Barcelona,3878331,26
1024,40,Samuel Kim,DEF,Manchester City,5434672,18
1025,40,Thomas Silva,DEF,Ajax,4432101,66
1026,40,David Jones,MID,Los Angeles FC,3664024,18
1027,40,Mateo Rodriguez,MID,Los Angeles FC,4367866,33
1028,40,Ali Sato,MID,Porto,5672871,6
1029,40,Ali Rodriguez,MID,Boca Juniors,3106475,8
1030,40,Marcus Kovacic,MID,Club América,4659835,49
1031,40,John Park,MID,AC Milan,3622253,70
1032,40,Oliver Park,MID,Boca Juniors,2625884,52
1033,40,James Schmidt,MID,Al Hilal,4653834,45
1034,40,Hassan Silva,MID,Benfica,6469362,60
1035,40,Oliver Müller,FWD,Los Angeles FC,3478796,10
1036,40,Hassan Santos,FWD,Los Angeles FC,4560558,49
1037,40,Alex Kovacic,FWD,Arsenal,3488934,62
1038,40,Mateo Lee,FWD,Liverpool,5277678,8
1039,40,John Jones,FWD,Arsenal,2847878,48
1040,40,David Onyango,FWD,Flamengo,5186513,39
1041,41,Diego Onyango,GK,Kaizer Chiefs,27006213,37
1042,41,Lucas Smith,GK,Flamengo,57907990,23
1043,41,Lucas Sato,GK,Los Angeles FC,51987188,10
1044,41,Youssef Abdel,DEF,Kaizer Chiefs,51676903,10
1045,41,Andrej Lee,DEF,Inter Milan,17139727,11
1046,41,Lucas Santos,DEF,Juventus,59300103,13
1047,41,Marcus Ibrahim,DEF,Juventus,23959534,52
1048,41,Samuel Silva,DEF,Arsenal,40869039,55
1049,41,Samuel Abdel,DEF,Galatasaray,46188462,68
1050,41,Mateo Silva,DEF,Al Hilal,51594960,54
1051,41,Mohammed Silva,DEF,Benfica,39745155,58
1052,41,Mohammed Park,MID,Benfica,60715155,34
1053,41,Youssef Nakamura,MID,Juventus,53139121,34
1054,41,Samuel Park,MID,AC Milan,25080885,73
1055,41,Ali Sato,MID,Barcelona,35785428,40
1056,41,James Smith,MID,Inter Milan,38998536,94
1057,41,Daniel Kovacic,MID,Ajax,60391204,24
1058,41,Daniel Schmidt,MID,Club América,57399327,51
1059,41,Samuel Rodriguez,MID,Liverpool,19597761,46
1060,41,Alex Schmidt,MID,Juventus,32099938,57
1061,41,Andrej Kovacic,FWD,Paris Saint-Germain,19488594,40
1062,41,Lucas Horvat,FWD,Club América,51615244,20
1063,41,Mateo Kovacic,FWD,Porto,16989334,77
1064,41,Lucas Jones,FWD,Galatasaray,57525790,35
1065,41,Youssef Martinez,FWD,Kaizer Chiefs,55138746,25
1066,41,Daniel Ibrahim,FWD,Ajax,17757274,52
1067,42,Marcus Onyango,GK,Juventus,2640044,50
1068,42,Alex Jones,GK,Boca Juniors,5505008,94
1069,42,Oliver Onyango,GK,Inter Milan,4581614,24
1070,42,Hassan Rodriguez,DEF,Club América,2544969,12
1071,42,David Park,DEF,Al Hilal,4004647,12
1072,42,Youssef Rodriguez,DEF,Paris Saint-Germain,5988270,48
1073,42,Juan Ibrahim,DEF,Kaizer Chiefs,5388088,22
1074,42,Diego Müller,DEF,Galatasaray,3147019,28
1075,42,Mohammed Onyango,DEF,Galatasaray,2312110,65
1076,42,Ali Abdel,DEF,Real Madrid,2863694,36
1077,42,James Silva,DEF,Boca Juniors,7221710,60
1078,42,Oliver Rodriguez,MID,Juventus,4230278,88
1079,42,Carlos Abdel,MID,Manchester City,2675094,70
1080,42,Mateo Jones,MID,Liverpool,3151027,60
1081,42,James Smith,MID,Inter Milan,3698938,77
1082,42,Luis Kim,MID,Los Angeles FC,1946665,23
1083,42,Carlos Santos,MID,Los Angeles FC,4809557,72
1084,42,Juan Rodriguez,MID,Porto,5622196,65
1085,42,Samuel Lee,MID,Inter Milan,2060016,20
1086,42,Carlos Schmidt,MID,Real Madrid,2112516,63
1087,42,Lucas Ibrahim,FWD,Benfica,5432504,64
1088,42,Mateo Smith,FWD,Porto,3421351,84
1089,42,Thomas Ibrahim,FWD,Ajax,4602449,68
1090,42,Juan Park,FWD,Boca Juniors,2303505,22
1091,42,Marcus Smith,FWD,Inter Milan,2039626,88
1092,42,Mohammed Kim,FWD,Benfica,3972986,19
1093,43,Ali Abdel,GK,Al Hilal,6205392,26
1094,43,Andrej Jones,GK,Real Madrid,6209026,84
1095,43,Marcus Schmidt,GK,Porto,3618216,35
1096,43,Alex Garcia,DEF,Kaizer Chiefs,6882913,51
1097,43,Thomas Nakamura,DEF,Inter Milan,3713884,18
1098,43,Oliver Horvat,DEF,Liverpool,5065633,16
1099,43,Samuel Park,DEF,Liverpool,6586156,23
1100,43,James Lee,DEF,Liverpool,8046051,43
1101,43,Samuel Silva,DEF,Arsenal,4213230,55
1102,43,John Horvat,DEF,Real Madrid,7592636,18
1103,43,Mohammed Nakamura,DEF,AC Milan,8380307,32
1104,43,Alex Santos,MID,Kaizer Chiefs,2849076,21
1105,43,Oliver Schmidt,MID,Kaizer Chiefs,6078337,60
1106,43,Thomas Müller,MID,Flamengo,6607708,37
1107,43,Alex Lee,MID,Benfica,7635464,47
1108,43,John Ibrahim,MID,Paris Saint-Germain,5339314,17
1109,43,Thomas Jones,MID,AC Milan,4802932,92
1110,43,Youssef Müller,MID,Paris Saint-Germain,6963685,93
1111,43,Lucas Silva,MID,Kaizer Chiefs,8159601,93
1112,43,Juan Horvat,MID,Galatasaray,7769058,84
1113,43,Hassan Jones,FWD,Ajax,6093391,79
1114,43,Hassan Onyango,FWD,Barcelona,6001957,52
1115,43,Diego Martinez,FWD,Barcelona,5081431,79
1116,43,Thomas Lee,FWD,Barcelona,5639843,93
1117,43,Marcus Ibrahim,FWD,Barcelona,5499091,61
1118,43,Carlos Kovacic,FWD,Inter Milan,5003387,84
1119,44,Luis Silva,GK,Barcelona,15375347,60
1120,44,Diego Rodriguez,GK,Manchester City,16211797,63
1121,44,Diego Martinez,GK,Los Angeles FC,10438224,57
1122,44,Alex Ibrahim,DEF,Bayern Munich,15194234,45
1123,44,Luis Onyango,DEF,Boca Juniors,25021214,85
1124,44,Lucas Schmidt,DEF,Bayern Munich,13373826,63
1125,44,Mateo Garcia,DEF,Benfica,9103575,45
1126,44,Lucas Lee,DEF,Al Hilal,21169453,70
1127,44,Oliver Silva,DEF,Bayern Munich,14484647,39
1128,44,Mohammed Onyango,DEF,Bayern Munich,24506283,82
1129,44,Alex Silva,DEF,Inter Milan,22428247,9
1130,44,James Sato,MID,Liverpool,12655826,21
1131,44,Carlos Smith,MID,Boca Juniors,19445997,27
1132,44,Juan Kim,MID,Flamengo,17837675,5
1133,44,Thomas Santos,MID,Galatasaray,18760469,47
1134,44,Luis Garcia,MID,Los Angeles FC,19011795,5
1135,44,Andrej Park,MID,Bayern Munich,23465033,23
1136,44,Alex Jones,MID,Barcelona,20070871,8
1137,44,Samuel Kovacic,MID,Arsenal,13516968,12
1138,44,Youssef Silva,MID,Kaizer Chiefs,10063173,30
1139,44,Samuel Park,FWD,Club América,10390374,45
1140,44,Ali Jones,FWD,Benfica,8675580,31
1141,44,Hassan Garcia,FWD,Manchester City,22210273,80
1142,44,James Kim,FWD,AC Milan,9518188,67
1143,44,Mohammed Lee,FWD,Paris Saint-Germain,15198274,23
1144,44,Oliver Jones,FWD,Al Hilal,9004652,70
1145,45,Harry Kane,FWD,Bayern Munich,110000000,93
1146,45,Jude Bellingham,MID,Real Madrid,180000000,32
1147,45,Bukayo Saka,FWD,Arsenal,130000000,36
1148,45,Declan Rice,MID,Arsenal,110000000,52
1149,45,Jordan Pickford,GK,Everton,22000000,64
1150,45,Lucas Kim,DEF,Inter Milan,58581957,59
1151,45,Youssef Horvat,DEF,Kaizer Chiefs,32852721,56
1152,45,Ali Rodriguez,DEF,Flamengo,52499751,49
1153,45,Juan Silva,DEF,Inter Milan,67423457,25
1154,45,Carlos Smith,DEF,Arsenal,25016018,46
1155,45,Carlos Nakamura,DEF,Los Angeles FC,41405665,35
1156,45,Carlos Smith,DEF,AC Milan,53958380,67
1157,45,Lucas Kovacic,DEF,Real Madrid,35103349,54
1158,45,Mateo Horvat,DEF,Kaizer Chiefs,37379109,70
1159,45,Daniel Silva,DEF,Flamengo,29215919,80
1160,45,Juan Jones,DEF,Boca Juniors,54237266,48
1161,45,Marcus Horvat,MID,Barcelona,44088700,78
1162,45,Diego Kovacic,MID,Los Angeles FC,49765834,66
1163,45,Marcus Smith,MID,Benfica,30005218,66
1164,45,Lucas Rodriguez,MID,Porto,34005071,7
1165,45,Marcus Silva,MID,Kaizer Chiefs,50100404,40
1166,45,Mateo Kovacic,MID,Barcelona,57539969,33
1167,45,Andrej Nakamura,MID,Benfica,23275893,83
1168,45,Luis Kovacic,MID,Arsenal,30441639,32
1169,45,Ali Jones,MID,Boca Juniors,61557918,87
1170,45,Diego Smith,FWD,Liverpool,62734363,86
1171,46,Carlos Horvat,GK,Al Hilal,29472275,70
1172,46,James Horvat,GK,Al Hilal,11175542,83
1173,46,Alex Santos,GK,Al Hilal,24804755,46
1174,46,Mateo Smith,DEF,Kaizer Chiefs,15107295,8
1175,46,Lucas Horvat,DEF,Al Hilal,18762567,9
1176,46,James Smith,DEF,Paris Saint-Germain,21357782,33
1177,46,Mohammed Santos,DEF,Ajax,12330324,29
1178,46,Luis Martinez,DEF,Arsenal,14208636,19
1179,46,Daniel Park,DEF,Benfica,19868912,23
1180,46,Marcus Horvat,DEF,Inter Milan,14171071,89
1181,46,Samuel Müller,DEF,Ajax,11831589,33
1182,46,Marcus Sato,MID,Barcelona,9005073,7
1183,46,Mateo Ibrahim,MID,Bayern Munich,9077142,43
1184,46,Oliver Onyango,MID,Boca Juniors,22574940,67
1185,46,Oliver Abdel,MID,Los Angeles FC,15141512,78
1186,46,Lucas Sato,MID,Boca Juniors,21128692,13
1187,46,Mateo Sato,MID,Boca Juniors,15093470,62
1188,46,Juan Müller,MID,Kaizer Chiefs,30030585,17
1189,46,Andrej Abdel,MID,Ajax,17008750,67
1190,46,Mohammed Sato,MID,Arsenal,19246300,10
1191,46,Ali Kim,FWD,Benfica,18630461,20
1192,46,Oliver Onyango,FWD,Arsenal,10802709,14
1193,46,Mohammed Park,FWD,Los Angeles FC,23043429,76
1194,46,Luis Ibrahim,FWD,Juventus,21662034,26
1195,46,Marcus Silva,FWD,Ajax,30650607,39
1196,46,Carlos Onyango,FWD,Club América,17924864,93
1197,47,Mohammed Park,GK,Manchester City,6766646,20
1198,47,Samuel Kim,GK,Ajax,2948155,58
1199,47,Marcus Martinez,GK,Porto,7608898,20
1200,47,Lucas Martinez,DEF,Porto,6709847,58
1201,47,Mohammed Kim,DEF,Paris Saint-Germain,6442995,10
1202,47,Alex Onyango,DEF,Real Madrid,8143878,62
1203,47,Alex Rodriguez,DEF,Kaizer Chiefs,5178432,31
1204,47,Samuel Sato,DEF,Ajax,3483865,66
1205,47,James Onyango,DEF,Galatasaray,7426627,66
1206,47,Ali Garcia,DEF,Al Hilal,6032951,60
1207,47,Hassan Rodriguez,DEF,Los Angeles FC,7809645,10
1208,47,David Smith,MID,Benfica,6827373,78
1209,47,Mateo Kovacic,MID,Club América,7896409,26
1210,47,Hassan Horvat,MID,Galatasaray,6882822,41
1211,47,Marcus Santos,MID,Paris Saint-Germain,6558235,47
1212,47,Marcus Ibrahim,MID,Galatasaray,7749205,37
1213,47,Alex Kovacic,MID,Liverpool,8764257,65
1214,47,Daniel Garcia,MID,Flamengo,6465387,17
1215,47,Youssef Rodriguez,MID,Galatasaray,2752825,62
1216,47,Luis Nakamura,MID,Galatasaray,6299816,45
1217,47,Marcus Sato,FWD,Galatasaray,4728890,25
1218,47,Oliver Smith,FWD,Juventus,6001416,81
1219,47,Diego Schmidt,FWD,Benfica,4900931,54
1220,47,David Jones,FWD,Arsenal,5936948,68
1221,47,Samuel Kim,FWD,Al Hilal,8529025,12
1222,47,Andrej Sato,FWD,Kaizer Chiefs,5599757,52
1223,48,Lucas Müller,GK,Manchester City,7239932,71
1224,48,Marcus Onyango,GK,Ajax,5802774,9
1225,48,Marcus Smith,GK,Flamengo,7207741,51
1226,48,Samuel Horvat,DEF,Inter Milan,6777788,91
1227,48,James Silva,DEF,Inter Milan,3312385,88
1228,48,Samuel Schmidt,DEF,Bayern Munich,3546816,47
1229,48,Samuel Jones,DEF,Kaizer Chiefs,8891979,31
1230,48,Daniel Kovacic,DEF,Manchester City,7350525,16
1231,48,Andrej Schmidt,DEF,AC Milan,4185835,30
1232,48,Daniel Martinez,DEF,Liverpool,8420284,86
1233,48,Luis Abdel,DEF,Juventus,10253385,28
1234,48,Juan Silva,MID,Ajax,10177294,82
1235,48,Lucas Rodriguez,MID,Flamengo,8345912,78
1236,48,Youssef Ibrahim,MID,Bayern Munich,5132926,44
1237,48,Carlos Onyango,MID,AC Milan,9593175,36
1238,48,Mateo Jones,MID,Inter Milan,4500861,40
1239,48,Juan Park,MID,Porto,5094415,66
1240,48,Juan Schmidt,MID,Real Madrid,4299144,83
1241,48,James Sato,MID,Al Hilal,6427267,33
1242,48,David Martinez,MID,Galatasaray,11240574,62
1243,48,Oliver Schmidt,FWD,Arsenal,6004645,29
1244,48,Andrej Onyango,FWD,Juventus,6509476,74
1245,48,Samuel Santos,FWD,Bayern Munich,7666724,65
1246,48,Mohammed Park,FWD,Manchester City,3090024,5
1247,48,Daniel Nakamura,FWD,Boca Juniors,3872799,14
1248,48,Ali Müller,FWD,Barcelona,9511318,27
